{"global_step": 131072, "_timestamp": 1712890269.1717272, "rollout/ep_len_mean": 128.0, "rollout/ep_rew_mean": 1.2999999523162842, "rollout/fraction_of_oracle": 0.05078125, "rollout/oracle_reward": 25.600000381469727, "time/fps": 106.0, "_runtime": 1235.6023752689362, "_step": 7, "train/approx_kl": 0.20865404605865479, "train/clip_fraction": 0.005297851748764515, "train/clip_range": 0.19995412230491638, "train/entropy_loss": -1.2896385192871094, "train/explained_variance": 0.1669466495513916, "train/grad_norm": 0.41928672790527344, "train/learning_rate": 1.999541200348176e-05, "train/loss": 0.04368552565574646, "train/policy_gradient_loss": -0.002426997059956193, "train/value_loss": 0.09992998838424683, "_wandb": {"runtime": 1541}}