{"global_step": 262144, "_timestamp": 1712910436.185554, "rollout/ep_len_mean": 128.0, "rollout/ep_rew_mean": 1.3700000047683716, "rollout/fraction_of_oracle": 0.05351562425494194, "rollout/oracle_reward": 25.600000381469727, "time/fps": 18.0, "_runtime": 14089.820718050003, "_step": 15, "train/approx_kl": 0.15669958293437958, "train/clip_fraction": 0.006298827938735485, "train/clip_range": 0.19990170001983643, "train/entropy_loss": -1.3064719438552856, "train/explained_variance": 0.1477685570716858, "train/grad_norm": 0.461344838142395, "train/learning_rate": 1.999016967602074e-05, "train/loss": 0.026698624715209007, "train/policy_gradient_loss": -0.002747508930042386, "train/value_loss": 0.09895393997430801, "_wandb": {"runtime": 106263}}