{"global_step": 294912, "_timestamp": 1712896241.276741, "rollout/ep_len_mean": 128.0, "rollout/ep_rew_mean": 1.659999966621399, "rollout/fraction_of_oracle": 0.06484375149011612, "rollout/oracle_reward": 25.600000381469727, "time/fps": 52.0, "_runtime": 5645.193620920181, "_step": 17, "train/approx_kl": 0.2086734175682068, "train/clip_fraction": 0.01473388634622097, "train/clip_range": 0.19988858699798584, "train/entropy_loss": -1.2863545417785645, "train/explained_variance": 0.19034796953201294, "train/grad_norm": 0.6834391951560974, "train/learning_rate": 1.9988858184660785e-05, "train/loss": 0.0708204060792923, "train/policy_gradient_loss": -0.0031849993392825127, "train/value_loss": 0.13320843875408173, "_wandb": {"runtime": 5741}}